{"timestamps": [1614880273.203465, 1614880274.261027, 1614880276.289028, 1614880278.675619, 1614880281.670875, 1614880285.081055, 1614880289.111994, 1614880293.467023, 1614880298.501339, 1614880303.370922, 1614880309.202319], "initial_reset_timestamp": 1614880272.047015, "episode_types": ["t", "t", "t", "t", "t", "t", "t", "t", "t", "t", "t"], "episode_lengths": [48, 1, 49, 36, 48, 36, 50, 32, 50, 1, 50], "episode_rewards": [3204.4819645470325, -1000.0, 3351.1890233159, 2153.159645246127, 3229.236594675991, 2174.0321114892604, 4523.53278777818, 1789.0734669138483, 4393.37066552052, -1000.0, 4417.071009093648]}