{"timestamps": [1614818930.472636, 1614818938.036951, 1614818946.598531, 1614818955.539614, 1614818964.888024, 1614818974.631759, 1614818984.788486, 1614818995.363181, 1614819006.294609, 1614819017.670509, 1614819029.655168, 1614819042.602182, 1614819055.46462, 1614819069.37488, 1614819083.565216, 1614819098.332669, 1614819113.788874, 1614819129.171458], "initial_reset_timestamp": 1614818923.735356, "episode_types": ["t", "t", "t", "t", "t", "t", "t", "t", "t", "t", "t", "t", "t", "t", "t", "t", "t", "t"], "episode_lengths": [50, 46, 50, 50, 50, 50, 50, 50, 50, 50, 50, 28, 1, 42, 33, 50, 41, 1], "episode_rewards": [4497.606011786868, 2966.507439578879, 4578.320853323202, 4400.272160112532, 4507.104729901266, -14312.850545411167, -5176.707905217642, 4378.143582925635, 3416.7937458362, 4515.652250195989, 4532.812289415322, 1276.117437598933, -1000.0, 2696.4790166594394, 1845.025109578533, 4526.251315331574, 2606.7972893120022, -1000.0]}